Workbook

Sheet Fiber design
A1: NOMBRE RUTA
A2: POSTE N° | B2: LAT | C2: LONG | D2: ANGULO | E2: DISTANCE | F2: ACCESSORY | G2: TIPE OF FIBER | H2: Mx | I2: REASON TENSION | J2: COMMENT
M12: FAST REVIEW OF DESIGN | S12: CONFIRMATION
M13: KV | N13: D MAX | O13: D MIN | P13: Qty Fiber | Q13: Tension | R13: Suspension | S13: D < 100 | T13: D < 200 | U13: D < 300 | V13: D < 500 | W13: D < 1000 | X13: D >1000 | Y13: Real usage
M14: KV100 | N14: =_xlfn.MAXIFS(E:E,G:G,M14) -> 0 | O14: =_xlfn.MINIFS(E:E,G:G,M14) -> 0 | P14: =SUMIFS(E:E,G:G,M14) -> 0 | Q14: =COUNTIFS(F:F,"T",G:G,M14) -> 0 | R14: =COUNTIFS(F:F,"S",G:G,M14) -> 0 | S14: =COUNTIFS($G:$G,$M14,$E:$E,"<=100") -> 0 | T14: =COUNTIFS($G:$G,$M14,$E:$E,"<=200",$E:$E,">100") -> 0 | U14: =COUNTIFS($G:$G,$M14,$E:$E,"<=300",$E:$E,">200") -> 0 | V14: =COUNTIFS($G:$G,$M14,$E:$E,"<=500",$E:$E,">300") -> 0 | W14: =COUNTIFS($G:$G,$M14,$E:$E,"<=1000",$E:$E,">500") -> 0 | X14: =COUNTIFS($G:$G,$M14,$E:$E,">1000") -> 0 | Y14: =IF(SUM(S14:X14)=0,"-",S14/SUM(S14:X14)) -> -
M15: KV200 | N15: =_xlfn.MAXIFS(E:E,G:G,M15) -> 0 | O15: =_xlfn.MINIFS(E:E,G:G,M15) -> 0 | P15: =SUMIFS(E:E,G:G,M15) -> 0 | Q15: =COUNTIFS(F:F,"T",G:G,M15) -> 0 | R15: =COUNTIFS(F:F,"S",G:G,M15) -> 0 | S15: =COUNTIFS($G:$G,$M15,$E:$E,"<=100") -> 0 | T15: =COUNTIFS($G:$G,$M15,$E:$E,"<=200",$E:$E,">100") -> 0 | U15: =COUNTIFS($G:$G,$M15,$E:$E,"<=300",$E:$E,">200") -> 0 | V15: =COUNTIFS($G:$G,$M15,$E:$E,"<=500",$E:$E,">300") -> 0 | W15: =COUNTIFS($G:$G,$M15,$E:$E,"<=1000",$E:$E,">500") -> 0 | X15: =COUNTIFS($G:$G,$M15,$E:$E,">1000") -> 0 | Y15: =IF(SUM(S15:X15)=0,"-",T15/SUM(S15:X15)) -> -
M16: KV300 | N16: =_xlfn.MAXIFS(E:E,G:G,M16) -> 0 | O16: =_xlfn.MINIFS(E:E,G:G,M16) -> 0 | P16: =SUMIFS(E:E,G:G,M16) -> 0 | Q16: =COUNTIFS(F:F,"T",G:G,M16) -> 0 | R16: =COUNTIFS(F:F,"S",G:G,M16) -> 0 | S16: =COUNTIFS($G:$G,$M16,$E:$E,"<=100") -> 0 | T16: =COUNTIFS($G:$G,$M16,$E:$E,"<=200",$E:$E,">100") -> 0 | U16: =COUNTIFS($G:$G,$M16,$E:$E,"<=300",$E:$E,">200") -> 0 | V16: =COUNTIFS($G:$G,$M16,$E:$E,"<=500",$E:$E,">300") -> 0 | W16: =COUNTIFS($G:$G,$M16,$E:$E,"<=1000",$E:$E,">500") -> 0 | X16: =COUNTIFS($G:$G,$M16,$E:$E,">1000") -> 0 | Y16: =IF(SUM(S16:X16)=0,"-",U16/SUM(S16:X16)) -> -
M17: KV500 | N17: =_xlfn.MAXIFS(E:E,G:G,M17) -> 0 | O17: =_xlfn.MINIFS(E:E,G:G,M17) -> 0 | P17: =SUMIFS(E:E,G:G,M17) -> 0 | Q17: =COUNTIFS(F:F,"T",G:G,M17) -> 0 | R17: =COUNTIFS(F:F,"S",G:G,M17) -> 0 | S17: =COUNTIFS($G:$G,$M17,$E:$E,"<=100") -> 0 | T17: =COUNTIFS($G:$G,$M17,$E:$E,"<=200",$E:$E,">100") -> 0 | U17: =COUNTIFS($G:$G,$M17,$E:$E,"<=300",$E:$E,">200") -> 0 | V17: =COUNTIFS($G:$G,$M17,$E:$E,"<=500",$E:$E,">300") -> 0 | W17: =COUNTIFS($G:$G,$M17,$E:$E,"<=1000",$E:$E,">500") -> 0 | X17: =COUNTIFS($G:$G,$M17,$E:$E,">1000") -> 0 | Y17: =IF(SUM(S17:X17)=0,"-",V17/SUM(S17:X17)) -> -
M18: KV1000 | N18: =_xlfn.MAXIFS(E:E,G:G,M18) -> 0 | O18: =_xlfn.MINIFS(E:E,G:G,M18) -> 0 | P18: =SUMIFS(E:E,G:G,M18) -> 0 | Q18: =COUNTIFS(F:F,"T",G:G,M18) -> 0 | R18: =COUNTIFS(F:F,"S",G:G,M18) -> 0 | S18: =COUNTIFS($G:$G,$M18,$E:$E,"<=100") -> 0 | T18: =COUNTIFS($G:$G,$M18,$E:$E,"<=200",$E:$E,">100") -> 0 | U18: =COUNTIFS($G:$G,$M18,$E:$E,"<=300",$E:$E,">200") -> 0 | V18: =COUNTIFS($G:$G,$M18,$E:$E,"<=500",$E:$E,">300") -> 0 | W18: =COUNTIFS($G:$G,$M18,$E:$E,"<=1000",$E:$E,">500") -> 0 | X18: =COUNTIFS($G:$G,$M18,$E:$E,">1000") -> 0 | Y18: =IF(SUM(S18:X18)=0,"-",W18/SUM(S18:X18)) -> -
M19: TOTAL | P19: =SUM(P14:P18) -> 0 | Q19: =SUM(Q14:Q18) -> 0 | R19: =SUM(R14:R18) -> 0 | S19: =SUM(S14:S18) -> 0 | T19: =SUM(T14:T18) -> 0 | U19: =SUM(U14:U18) -> 0 | V19: =SUM(V14:V18) -> 0 | W19: =SUM(W14:W18) -> 0 | X19: =SUM(X14:X18) -> 0 | Y19: =MIN(Y14:Y18) -> 0
M25: PASOS:
M26: 1. Revise visualmente el KMZ antes de poner las coordenadas. (Deben estar en orden)
M27: 2. Ponga las coordenadas B-C.
M28: 3. Ponga el nombre del poste en A (De no tener llenar P)
M29: 4. Ejecute la Macro con el boton: "Generate Fiber design"
M30: 5. Revise visualmente el KMZ, y agregue Tensiones en zonas necesarias.
M31: Ejm: Cruces avenida, cruce rio, etc.
M32: 6. Revise la tabla verde para tener una vista previa del calculo.
M33: 7. Llene el titulo con el nombre de la ruta.
M34: A-B
M35: A-Mx (en caso de ser Mufa debe decir Mx)
M36: 8.El calculo final de material se encuentra en "Material Calculator"
... M40: *Siempre envie el documento en PDF al equipo técnico, de esta forma sabran donde poner Tension/Suspension

Sheet List review congestion2025
A1: N° | B1: BRANCH | C1: CASE | D1: ROUTE TO DEPLOY | E1: HAVE SURVEY | F1: DESIGN DISTANCE | G1: SUM total cable | H1: WOODEN POLES - PINO AMARILLO | I1: CONCRETE POLE 9M | J1: CONCRETE POLE 11M | K1: CONCRETE POLE 13M | L1: CABLE 24FO/KV200 (6G655 + 18G652) DWDM | M1: CABLE 24FO/KV300 (6G655 + 18G652) DWDM | N1: CABLE 24FO/KV500 (6G655 + 18G652) DWDM | O1: CABLE 24FO/KV1000 (6G655 + 18G652) DWDM | P1: CABLE 24FO/KV200 (24G652) ACCESS | Q1: CABLE 24FO/KV300 (24G652) ACCESS | R1: CABLE 24FO/KV500 (24G652) ACCESS | S1: CABLE 24FO/KV1000 (24G652) ACCESS | T1: CABLE 12FO/KV100 ACCESS | U1: CABLE 12FO/KV200 ACCESS | V1: CABLE 12FO/KV300 ACCESS | W1: CABLE 12/500 ACCESS | X1: CABLE 24FO/KV200 ANTIRAT | Y1: TENSION SPAN200 | Z1: TENSION SPAN300 | AA1: TENSION SPAN500 | AB1: TENSION SPAN1000 (One direction) | AC1: SUPENSION KV100 | AD1: SUPENSION KV200 | AE1: CLEVIS | AF1: OPGW | AG1: ABRAZADERA type 1 (20.3cm -25cm of diameter) | AH1: ABRAZADERA type 2 (28cm - 33cm of diameter) | AI1: CINTA BANDIT + Hebilla | AJ1: MUFA 24FO | AK1: CRUCETA | AL1: ANTIVIBRADORES | AM1: BULONG | AN1: RETENIDA | AO1: BRAZO | AP1: Tap V | AQ1: ODF 24 FO INDOOR | AR1: MUFA 12 FO | AS1: ODF 12 FO INDOOR | AT1: Patchcord FC/LC 5m | AU1: Patchcord LC/LC 5m | AV1: Modulos 1.25Gb 40Km | AW1: LT Poles | AX1: MT Poles
L2: KV200 | M2: KV300 | N2: Qty Fiber | O2: KV1000 | P2: Qty Fiber | Q2: Qty Fiber | R2: Qty Fiber | S2: Qty Fiber | T2: Qty Fiber | U2: Qty Fiber | V2: Qty Fiber | W2: Qty Fiber | X2: Qty Fiber | Y2: Tension | Z2: Tension | AA2: Tension | AB2: Tension | AC2: Suspension | AD2: Suspension
F3: =SUM('Fiber design'!P14:P18) -> 0 | G3: =SUM('Fiber design'!P14:P18) -> 0 | L3: - | M3: - | N3: =HLOOKUP(N2,'Fiber design'!$M$13:$R$18,5,0) -> 0 | O3: - | P3: - | Q3: - | R3: - | S3: =HLOOKUP(S2,'Fiber design'!$M$13:$R$18,6,0) -> 0 | T3: =HLOOKUP(T2,'Fiber design'!$M$13:$R$18,2,0) -> 0 | U3: =HLOOKUP(U2,'Fiber design'!$M$13:$R$18,3,0) -> 0 | V3: =HLOOKUP(V2,'Fiber design'!$M$13:$R$18,4,0) -> 0 | W3: - | X3: - | Y3: =HLOOKUP(Y2,'Fiber design'!$M$13:$R$18,3,0) -> 0 | Z3: =HLOOKUP(Z2,'Fiber design'!$M$13:$R$18,4,0) -> 0 | AA3: =HLOOKUP(AA2,'Fiber design'!$M$13:$R$18,5,0) -> 0 | AB3: =HLOOKUP(AB2,'Fiber design'!$M$13:$R$18,6,0)*2 -> 0 | AC3: =HLOOKUP(AC2,'Fiber design'!$M$13:$R$18,2,0) -> 0 | AD3: =HLOOKUP(AD2,'Fiber design'!$M$13:$R$18,3,0) -> 0 | AE3: - | AF3: =2*SUM('Fiber design'!Q14:Q15)+SUM('Fiber design'!R14:R15) -> 0 | AG3: - | AH3: =SUM('Fiber design'!Q16:Q18) -> 0 | AI3: =2.4*AF3/1.4 -> 0 | AJ3: =COUNTIF('Fiber design'!H3:H1048576,"MX") -> 0 | AK3: =AJ3 -> 0 | AL3: =AH3*2 -> 0

Sheet Original checklist
Q2: TEMPLATE CALCULATION
Q3: KV100 | R3: KV200 | S3: KV300 | T3: KV500 | U3: KV1000
C4: =OR(ISNUMBER(FIND("MX",'Fiber design'!A1)),ISNUMBER(FIND("Mx",'Fiber design'!A1)),ISNUMBER(FIND("mx",'Fiber design'!A1))) -> FALSE | P4: POLES | Q4: =COUNTIFS('Fiber design'!G:G,'Original checklist'!$Q$8,'Fiber design'!A:A,"<>") -> 0 | R4: =COUNTIFS('Fiber design'!G:G,'Original checklist'!$R$8,'Fiber design'!A:A,"<>") -> 0 | S4: =COUNTIFS('Fiber design'!G:G,'Original checklist'!$S$8,'Fiber design'!A:A,"<>") -> 0 | T4: =COUNTIFS('Fiber design'!G:G,'Original checklist'!$T$8,'Fiber design'!A:A,"<>") -> 0 | U4: =COUNTIFS('Fiber design'!G:G,'Original checklist'!$U$8,'Fiber design'!A:A,"<>") -> 0
P5: DIST | Q5: =SUMIFS('Fiber design'!E:E,'Fiber design'!G:G,'Original checklist'!$Q$8) -> 0 | R5: =SUMIFS('Fiber design'!E:E,'Fiber design'!G:G,'Original checklist'!$R$8) -> 0 | S5: =SUMIFS('Fiber design'!E:E,'Fiber design'!G:G,'Original checklist'!$S$8) -> 0 | T5: =SUMIFS('Fiber design'!E:E,'Fiber design'!G:G,'Original checklist'!$T$8) -> 0 | U5: =SUMIFS('Fiber design'!E:E,'Fiber design'!G:G,'Original checklist'!$U$8) -> 0
P6: DIST+10% | Q6: =ROUNDUP(Q5*1.1,0) -> 0 | R6: =ROUNDUP(R5*1.1,0) -> 0 | S6: =ROUNDUP(S5*1.1,0) -> 0 | T6: =ROUNDUP(T5*1.1,0) -> 0 | U6: =ROUNDUP(U5*1.1,0) -> 0
P7: CASE | Q7: =IFERROR(IF(AND(Q6/Q4>=0, Q6/Q4<60), "30",IF(AND(Q6/Q4>=60, Q6/Q4<80), "60",IF(AND(Q6/Q4>=80, Q6/Q4<100),"80","100"))),0) -> 0 | R7: 200 | S7: 300 | T7: =IFERROR(IF(T6/T4<500,"400","500"),0) -> 0 | U7: 500
B8: Distance between poles | E8: KV100 30m | F8: KV100 60m | G8: KV100 80m | H8: KV100 100m | I8: KV200 120m | J8: KV200 160m | K8: KV200 180m | L8: KV200 200m | M8: KV300 300m | N8: KV500 400m | O8: KV500 500m | P8: KV1000 500m | Q8: KV100 | R8: KV200 | S8: KV300 | T8: KV500 | U8: KV1000 | V8: KV100 | W8: KV200 | X8: KV300 | Y8: KV500 | Z8: KV1000
B9: Distance fiber | E9: Roll 3Km | F9: Roll 3Km | G9: Roll 3Km | H9: Roll 3Km | I9: Roll 3Km | J9: Roll 3Km | K9: Roll 3Km | L9: Roll 3Km | M9: Roll 3Km | N9: Roll 3Km | O9: Roll 3Km | P9: Roll 3Km | Q9: =ROUNDUP((ROUNDUP(Q6/2750,0)*100+Q6*1.05)/1000,1) -> 0 | R9: =ROUNDUP((ROUNDUP(R6/2750,0)*100+R6*1.05)/1000,1) -> 0 | S9: =ROUNDUP((ROUNDUP(S6/2750,0)*100+S6*1.05)/1000,1) -> 0 | T9: =ROUNDUP((ROUNDUP(T6/2750,0)*100+T6*1.05)/1000,1) -> 0 | U9: =ROUNDUP((ROUNDUP(U6/2750,0)*100+U6*1.05)/1000,1) -> 0 | V9: =Q9 -> 0 | W9: =R9 -> 0 | X9: =S9 -> 0 | Y9: =T9 -> 0 | Z9: =U9 -> 0
B10: 1 | C10: Suspension | D10: kit | E10: 79 | F10: 40 | G10: 28 | H10: 20 | I10: 19 | J10: 14 | K10: 12 | L10: 10 | M10: 0 | N10: 0 | O10: 0 | P10: 0 | Q10: =IF($Q$7="30",ROUNDUP(($Q$9/3*E10)*1.07,0),IF($Q$7="60",ROUNDUP(($Q$9/3*F10)*1.07,0),IF($Q$7="80",ROUNDUP(($Q$9/3*G10)*1.07,0),ROUNDUP(($Q$9/3*H10)*1.07,0)))) -> 0 | R10: =IF($R$7="120",ROUNDUP(($R$9/3*I10)*1.07,0),IF($R$7="160",ROUNDUP(($R$9/3*J10)*1.07,0),IF($R$7="180",ROUNDUP(($R$9/3*K10)*1.07,0),ROUNDUP(($R$9/3*L10)*1.07,0)))) -> 0 | S10: =ROUNDUP(($S$9/3*M10)*1.07,0) -> 0 | T10: =IF($T$7="400",ROUNDUP(($T$9/3*N10)*1.05,0),ROUNDUP(($T$9/3*O10)*1.05,0)) -> 0 | U10: =ROUNDUP(($U$9/3*P10)*1.05,0) -> 0 | V10: =ROUNDUP(COUNTIFS('Fiber design'!G:G,'Original checklist'!$V$8,'Fiber design'!F:F,"S")*1.07,0) -> 0 | W10: =ROUNDUP(COUNTIFS('Fiber design'!G:G,'Original checklist'!$W$8,'Fiber design'!F:F,"S")*1.07,0) -> 0 | X10: 0 | Y10: 0 | Z10: 0
B11: 2 | C11: Tension (2 directions) | D11: kit | E11: 24 | F11: 12 | G11: 12 | H11: 12 | I11: =ROUNDUP(6*1.07,0) -> 7 | J11: =ROUNDUP(6*1.07,0) -> 7 | K11: =ROUNDUP(6*1.07,0) -> 7 | L11: =ROUNDUP(6*1.07,0) -> 7 | M11: 12 | N11: 10 | O11: 8 | P11: 8 | Q11: =IF($Q$7="30",ROUNDUP(($Q$9/3*E11)*1.07,0),IF($Q$7="60",ROUNDUP(($Q$9/3*F11)*1.07,0),IF($Q$7="80",ROUNDUP(($Q$9/3*G11)*1.07,0),ROUNDUP(($Q$9/3*H11)*1.07,0)))) -> 0 | R11: =IF($R$7="120",ROUNDUP(($R$9/3*I11)*1.07,0),IF($R$7="160",ROUNDUP(($R$9/3*J11)*1.07,0),IF($R$7="180",ROUNDUP(($R$9/3*K11)*1.07,0),ROUNDUP(($R$9/3*L11)*1.07,0)))) -> 0 | S11: =ROUNDUP(($S$9/3*M11)*1.05,0) -> 0 | T11: =IF($T$7="400",ROUNDUP(($T$9/3*N11)*1.05,0),ROUNDUP(($T$9/3*O11)*1.05,0)) -> 0 | U11: =ROUNDUP(($U$9/3*P11)*1.05,0) -> 0 | V11: =ROUNDUP(COUNTIFS('Fiber design'!G:G,'Original checklist'!$V$8,'Fiber design'!F:F,"T")*1.07,0) -> 0 | W11: =ROUNDUP(COUNTIFS('Fiber design'!G:G,'Original checklist'!$W$8,'Fiber design'!F:F,"T")*1.07,0) -> 0 | X11: =ROUNDUP(COUNTIFS('Fiber design'!G:G,'Original checklist'!$X$8,'Fiber design'!F:F,"T")*1.07,0) -> 0 | Y11: =ROUNDUP(COUNTIFS('Fiber design'!G:G,'Original checklist'!$Y$8,'Fiber design'!F:F,"T")*1.07,0) -> 0 | Z11: =ROUNDUP(COUNTIFS('Fiber design'!G:G,'Original checklist'!$Z$8,'Fiber design'!F:F,"T")*1.07,0)*2 -> 0
B12: 3 | C12: D12 / Clevis / OPGW | D12: each | E12: 109 | F12: =ROUNDUP((F10+F11)*1.05,0) -> 55 | G12: 55 | H12: 47 | I12: =ROUNDUP((I10*1+I11*2)*1.05,0) -> 35 | J12: =ROUNDUP((J10*1+J11*2)*1.05,0) -> 30 | K12: =ROUNDUP((K10*1+K11*2)*1.05,0) -> 28 | L12: =ROUNDUP((L10*1+L11*2)*1.05,0) -> 26 | M12: 0 | N12: 0 | O12: 0 | P12: 0 | Q12: =IF($Q$7="30",ROUNDUP(($Q$9/3*E12)*1.05,0),IF($Q$7="60",ROUNDUP(($Q$9/3*F12)*1.05,0),IF($Q$7="80",ROUNDUP(($Q$9/3*G12)*1.05,0),ROUNDUP(($Q$9/3*H12)*1.05,0)))) -> 0 | R12: =IF($R$7="120",ROUNDUP(($R$9/3*I12)*1.05,0),IF($R$7="160",ROUNDUP(($R$9/3*J12)*1.05,0),IF($R$7="180",ROUNDUP(($R$9/3*K12)*1.05,0),ROUNDUP(($R$9/3*L12)*1.05,0)))) -> 0 | S12: =ROUNDUP(($S$9/3*M12)*1.05,0) -> 0 | T12: =IF($T$7="400",ROUNDUP(($T$9/3*N12)*1.05,0),ROUNDUP(($T$9/3*O12)*1.05,0)) -> 0 | U12: =ROUNDUP(($U$9/3*P12)*1.05,0) -> 0 | V12: =ROUNDUP((2*V11+V10)*1.05,0) -> 0 | W12: =ROUNDUP((2*W11+W10)*1.05,0) -> 0 | X12: 0 | Y12: 0 | Z12: 0
B13: 4 | C13: Abrazadera | D13: each | E13: 0 | F13: 0 | G13: 0 | H13: 0 | I13: 0 | J13: 0 | K13: 0 | L13: 0 | M13: 12 | N13: 10 | O13: 8 | P13: 8 | Q13: =IF($Q$7="30",ROUNDUP(($Q$9/3*E13)*1.07,0),IF($Q$7="60",ROUNDUP(($Q$9/3*F13)*1.07,0),IF($Q$7="80",ROUNDUP(($Q$9/3*G13)*1.07,0),ROUNDUP(($Q$9/3*H13)*1.07,0)))) -> 0 | R13: =IF($R$7="120",ROUNDUP(($R$9/3*I13)*1.07,0),IF($R$7="160",ROUNDUP(($R$9/3*J13)*1.07,0),IF($R$7="180",ROUNDUP(($R$9/3*K13)*1.07,0),ROUNDUP(($R$9/3*L13)*1.07,0)))) -> 0 | S13: =ROUNDUP(($S$9/3*M13)*1.05,0) -> 0 | T13: =IF($T$7="400",ROUNDUP(($T$9/3*N13)*1.05,0),ROUNDUP(($T$9/3*O13)*1.05,0)) -> 0 | U13: =ROUNDUP(($U$9/3*P13)*1.05,0) -> 0 | V13: 0 | W13: 0 | X13: =ROUNDUP(X11*1.05,0) -> 0 | Y13: =ROUNDUP(Y11*1.05,0) -> 0 | Z13: =ROUNDUP(Z11*1.05,0) -> 0
B14: 5 | C14: Vibration damper | D14: each | E14: 0 | F14: 0 | G14: 0 | H14: 0 | I14: 0 | J14: 0 | K14: 0 | L14: 0 | M14: 0 | N14: 20 | O14: 14 | P14: 14 | Q14: =IF($Q$7="30",ROUNDUP(($Q$9/3*E14)*1.07,0),IF($Q$7="60",ROUNDUP(($Q$9/3*F14)*1.07,0),IF($Q$7="80",ROUNDUP(($Q$9/3*G14)*1.07,0),ROUNDUP(($Q$9/3*H14)*1.07,0)))) -> 0 | R14: =IF($R$7="120",ROUNDUP(($R$9/3*I14)*1.07,0),IF($R$7="160",ROUNDUP(($R$9/3*J14)*1.07,0),IF($R$7="180",ROUNDUP(($R$9/3*K14)*1.07,0),ROUNDUP(($R$9/3*L14)*1.07,0)))) -> 0 | S14: =ROUNDUP(($S$9/3*M14)*1.07,0) -> 0 | T14: =IF($T$7="400",ROUNDUP(($T$9/3*N14)*1.05,0),ROUNDUP(($T$9/3*O14)*1.05,0)) -> 0 | U14: =ROUNDUP(($U$9/3*P14)*1.05,0) -> 0 | V14: 0 | W14: 0 | X14: 0 | Y14: =2*Y13 -> 0 | Z14: =2*Z13 -> 0
B15: 6 | C15: Band-it | D15: m | E15: 248 | F15: =ROUNDUP((F10+F11)*2.4,0) -> 125 | G15: 96 | H15: 77 | I15: 63 | J15: 51 | K15: 46 | L15: 41 | M15: 0 | N15: 0 | O15: 0 | P15: 0 | Q15: =IF($Q$7="30",ROUNDUP(($Q$9/3*E15),0),IF($Q$7="60",ROUNDUP(($Q$9/3*F15),0),IF($Q$7="80",ROUNDUP(($Q$9/3*G15),0),ROUNDUP(($Q$9/3*H15),0)))) -> 0 | R15: =IF($R$7="120",ROUNDUP(($R$9/3*I15),0),IF($R$7="160",ROUNDUP(($R$9/3*J15),0),IF($R$7="180",ROUNDUP(($R$9/3*K15),0),ROUNDUP(($R$9/3*L15),0)))) -> 0 | S15: =ROUNDUP(($S$9/3*M15)*1.07,0) -> 0 | T15: =IF($T$7="400",ROUNDUP(($T$9/3*N15)*1.05,0),ROUNDUP(($T$9/3*O15)*1.05,0)) -> 0 | U15: =ROUNDUP(($U$9/3*P15)*1.05,0) -> 0 | V15: =CONCATENATE(ROUNDUP(ROUNDUP(Q4*Controls!C13,0)/1.4,0)," kits") -> 0 kits | W15: =CONCATENATE(ROUNDUP(ROUNDUP(Controls!C13*R4,0)/1.4,0)," kits") -> 0 kits | X15: 0 | Y15: 0 | Z15: 0
B16: 5 | C16: Belt | D16: each | E16: 217 | F16: =ROUNDUP((F10+F11)*2*1.05,0) -> 110 | G16: 84 | H16: 68 | I16: 55 | J16: 45 | K16: 40 | L16: 36 | M16: 0 | N16: 0 | O16: 0 | P16: 0 | Q16: =IF($Q$7="30",ROUNDUP(($Q$9/3*E16)*1.05,0),IF($Q$7="60",ROUNDUP(($Q$9/3*F16)*1.05,0),IF($Q$7="80",ROUNDUP(($Q$9/3*G16)*1.05,0),ROUNDUP(($Q$9/3*H16)*1.05,0)))) -> 0 | R16: =IF($R$7="120",ROUNDUP(($R$9/3*I16)*1.05,0),IF($R$7="160",ROUNDUP(($R$9/3*J16)*1.05,0),IF($R$7="180",ROUNDUP(($R$9/3*K16)*1.05,0),ROUNDUP(($R$9/3*L16)*1.05,0)))) -> 0 | S16: =ROUNDUP(($S$9/3*M16)*1.07,0) -> 0 | T16: =IF($T$7="400",ROUNDUP(($T$9/3*N16)*1.05,0),ROUNDUP(($T$9/3*O16)*1.05,0)) -> 0 | U16: =ROUNDUP(($U$9/3*P16)*1.05,0) -> 0 | X16: 0 | Y16: 0 | Z16: 0
B17: 6 | C17: Pigtail hook bolt | D17: each | E17: 109 | F17: =ROUNDUP((F10+F11)*1.05,0) -> 55 | G17: 42 | H17: 34 | I17: 28 | J17: 23 | K17: 20 | L17: 18 | M17: 0 | N17: 0 | O17: 0 | P17: 0 | Q17: =IF($Q$7="30",ROUNDUP(($Q$9/3*E17)*1.05,0),IF($Q$7="60",ROUNDUP(($Q$9/3*F17)*1.05,0),IF($Q$7="80",ROUNDUP(($Q$9/3*G17)*1.05,0),ROUNDUP(($Q$9/3*H17)*1.05,0)))) -> 0 | R17: =IF($R$7="120",ROUNDUP(($R$9/3*I17)*1.05,0),IF($R$7="160",ROUNDUP(($R$9/3*J17)*1.05,0),IF($R$7="180",ROUNDUP(($R$9/3*K17)*1.05,0),ROUNDUP(($R$9/3*L17)*1.05,0)))) -> 0 | S17: =ROUNDUP(($S$9/3*M17)*1.07,0) -> 0 | T17: =IF($T$7="400",ROUNDUP(($T$9/3*N17)*1.05,0),ROUNDUP(($T$9/3*O17)*1.05,0)) -> 0 | U17: =ROUNDUP(($U$9/3*P17)*1.05,0) -> 0 | V17: 0 | W17: 0 | X17: 0 | Y17: 0 | Z17: 0
B18: 7 | C18: Optical closure | D18: each | E18: [Distance of cable] / [3Km] | I18: [Distance of cable] / [3Km] | M18: [Distance of cable] / [3Km] | Q18: =V18 -> 1 | V18: =COUNTIF('Fiber design'!H:H,"Mx") -> 1
B19: 8 | C19: Cruzeta | D19: each | E19: Same as Optical closure | I19: Same as Optical closure | M19: Same as Optical closure | Q19: =Q18 -> 1 | V19: =V18 -> 1
B20: 9 | C20: ODF | D20: each | E20: BTS-BTS = 2 BTS-Mx = 1 | Q20: =IF(C4=FALSE,2,1) -> 2 | V20: =Q20 -> 2
B21: 10 | C21: Patchcord FC/LC | D21: each | E21: 4 | Q21: 4 | V21: 4

Sheet FORMAT INFRA
B2: FO Span100 (m) | C2: FO Span200 (m) | D2: FO Span300 (m) | E2: FO Span500 (m) | F2: FO Span1000 (m) | G2: Suspension span 100 | H2: Suspension span 200 | I2: Tension (2 direcciones) | J2: Tension (2 direcciones) | K2: Tension (2 direcciones) | L2: Tension (2 direcciones) | M2: Tension (2 direcciones) | N2: OPGW | O2: Clevis | P2: cinta bandit (m) | Q2: Hebilla (belt) | R2: Cruzeta | S2: Bulong (perno ojo) | T2: Retenida | U2: Antivibradores | V2: ODF 12 | W2: Abrazadera | X2: Optical Closure | Y2: Poles M-9M | Z2: Poles C | AA2: Directive | AB2: FC/LC | AC2: SFP 10G | AD2: SFP 10G | AE2: SRT | AF2: COMMENT
I3: span 100 | J3: span 200 | K3: span 300 | L3: span 500 | M3: span 1000 | AC3: 40KM | AD3: 80KM
B4: =1.07*'List review congestion2025'!T3 -> 0 | C4: =1.07*'List review congestion2025'!U3 -> 0 | D4: N/A | E4: N/A | F4: =1.07*'List review congestion2025'!S3 -> 0 | H4: =ROUNDUP('List review congestion2025'!AD3*1.07,0) -> 0 | I4: =ROUNDUP('Fiber design'!Q14*1.07,0) -> 0 | J4: =ROUNDUP('List review congestion2025'!Y3*1.07,0) -> 0 | K4: =ROUNDUP('List review congestion2025'!Z3*1.07,0) -> 0 | L4: =ROUNDUP('List review congestion2025'!AA3*1.07,0) -> 0 | M4: =ROUNDUP('List review congestion2025'!AB3*1.07,0) -> 0 | N4: =ROUNDUP('List review congestion2025'!AF3*1.07,0) -> 0 | O4: ='List review congestion2025'!AE3 -> - | P4: ='List review congestion2025'!AI3*1.4 -> 0 | Q4: =N4*2 -> 0 | R4: ='List review congestion2025'!AK3 -> 0 | S4: - | T4: - | U4: ='List review congestion2025'!AL3 -> 0 | V4: a mano | W4: ='List review congestion2025'!AH3 -> 0 | X4: ='List review congestion2025'!AJ3 -> 0 | Y4: 0 | Z4: 0 | AA4: 0 | AB4: 4

Sheet Material calculator
J2: ='Fiber design'!A1 -> NOMBRE RUTA
J3: TEMPLATE CALCULATION | O3: BASED ON SURVEY | T3: COMMENT
B4: Distance between poles | E4: =IF('Original checklist'!Q7="30","KV 100 30m",IF('Original checklist'!Q7="60","KV 100 60m",IF('Original checklist'!Q7="80","KV 100 80m","KV 100 100m"))) -> KV 100 100m | F4: =IF('Original checklist'!R7="120","KV 200 120m",IF('Original checklist'!Q7="160","KV 200 160m",IF('Original checklist'!Q7="180","KV 200 180m","KV 200 200m"))) -> KV 200 200m | G4: KV300 300m | H4: =IF('Original checklist'!$T$7="400","KV500 400m","KV500 500m") -> KV500 500m | I4: KV1000 500m | J4: =E4 -> KV 100 100m | K4: =F4 -> KV 200 200m | L4: =G4 -> KV300 300m | M4: =H4 -> KV500 500m | N4: =I4 -> KV1000 500m | O4: KV100 | P4: KV200 | Q4: KV300 | R4: KV500 | S4: KV1000
B5: Distance fiber | E5: Roll 3Km | F5: Roll 3Km | G5: Roll 3Km | H5: Roll 3Km | I5: Roll 3Km | J5: ='Original checklist'!Q9 -> 0 | K5: ='Original checklist'!R9 -> 0 | L5: ='Original checklist'!S9 -> 0 | M5: ='Original checklist'!T9 -> 0 | N5: ='Original checklist'!U9 -> 0 | O5: =ROUNDUP(((SUMIFS('Fiber design'!$E:$E,'Fiber design'!$G:$G,'Material calculator'!O$4)+COUNTIFS('Fiber design'!$H:$H,"Mx",'Fiber design'!$G:$G,O4)*150)/1000),1) -> 0 | P5: =ROUNDUP(((SUMIFS('Fiber design'!$E:$E,'Fiber design'!$G:$G,'Material calculator'!P$4)+COUNTIFS('Fiber design'!$H:$H,"Mx",'Fiber design'!$G:$G,P4)*150)/1000),1) -> 0 | Q5: =ROUNDUP(((SUMIFS('Fiber design'!$E:$E,'Fiber design'!$G:$G,'Material calculator'!Q$4)+COUNTIFS('Fiber design'!$H:$H,"Mx",'Fiber design'!$G:$G,Q4)*150)/1000),1) -> 0 | R5: =ROUNDUP(((SUMIFS('Fiber design'!$E:$E,'Fiber design'!$G:$G,'Material calculator'!R$4)+COUNTIFS('Fiber design'!$H:$H,"Mx",'Fiber design'!$G:$G,R4)*150)/1000),1) -> 0 | S5: =ROUNDUP(((SUMIFS('Fiber design'!$E:$E,'Fiber design'!$G:$G,'Material calculator'!S$4)+COUNTIFS('Fiber design'!$H:$H,"Mx",'Fiber design'!$G:$G,S4)*150)/1000),1) -> 0
B6: 1 | C6: Suspension | D6: kit | E6: =IF('Original checklist'!$Q$7="30",'Original checklist'!E10,IF('Original checklist'!$Q$7="60",'Original checklist'!F10,IF('Original checklist'!$Q$7="80",'Original checklist'!G10,'Original checklist'!H10))) -> 20 | F6: =IF('Original checklist'!$R$7="120",'Original checklist'!I10,IF('Original checklist'!$R$7="160",'Original checklist'!J10,IF('Original checklist'!$R$7="180",'Original checklist'!K10,'Original checklist'!L10))) -> 10 | G6: 0 | H6: =IF('Original checklist'!$T$7="400",'Original checklist'!N10,'Original checklist'!O10) -> 0 | I6: 0 | J6: ='Original checklist'!Q10 -> 0 | K6: ='Original checklist'!R10 -> 0 | L6: ='Original checklist'!S10 -> 0 | M6: ='Original checklist'!T10 -> 0 | N6: ='Original checklist'!U10 -> 0 | O6: ='Original checklist'!V10 -> 0 | P6: ='Original checklist'!W10 -> 0 | Q6: ='Original checklist'!X10 -> 0 | ... S6: ='Original checklist'!Z10 -> 0
B7: 2 | C7: Tension (2 directions) | D7: kit | E7: =IF('Original checklist'!$Q$7="30",'Original checklist'!E11,IF('Original checklist'!$Q$7="60",'Original checklist'!F11,IF('Original checklist'!$Q$7="80",'Original checklist'!G11,'Original checklist'!H11))) -> 12 | F7: =IF('Original checklist'!$R$7="120",'Original checklist'!I11,IF('Original checklist'!$R$7="160",'Original checklist'!J11,IF('Original checklist'!$R$7="180",'Original checklist'!K11,'Original checklist'!L11))) -> 7 | G7: 12 | H7: =IF('Original checklist'!$T$7="400",'Original checklist'!N11,'Original checklist'!O11) -> 8 | I7: 8 | J7: ='Original checklist'!Q11 -> 0 | K7: ='Original checklist'!R11 -> 0 | L7: ='Original checklist'!S11 -> 0 | M7: ='Original checklist'!T11 -> 0 | N7: ='Original checklist'!U11 -> 0 | O7: ='Original checklist'!V11 -> 0 | P7: ='Original checklist'!W11 -> 0 | Q7: ='Original checklist'!X11 -> 0 | ... S7: ='Original checklist'!Z11 -> 0
B8: 3 | C8: D12 / Clevis / OPGW | D8: each | E8: =IF('Original checklist'!$Q$7="30",'Original checklist'!E12,IF('Original checklist'!$Q$7="60",'Original checklist'!F12,IF('Original checklist'!$Q$7="80",'Original checklist'!G12,'Original checklist'!H12))) -> 47 | F8: =IF('Original checklist'!$R$7="120",'Original checklist'!I12,IF('Original checklist'!$R$7="160",'Original checklist'!J12,IF('Original checklist'!$R$7="180",'Original checklist'!K12,'Original checklist'!L12))) -> 26 | G8: 0 | H8: =IF('Original checklist'!$T$7="400",'Original checklist'!N12,'Original checklist'!O12) -> 0 | I8: 0 | J8: ='Original checklist'!Q12 -> 0 | K8: ='Original checklist'!R12 -> 0 | L8: ='Original checklist'!S12 -> 0 | M8: ='Original checklist'!T12 -> 0 | N8: ='Original checklist'!U12 -> 0 | O8: ='Original checklist'!V12 -> 0 | P8: ='Original checklist'!W12 -> 0 | Q8: ='Original checklist'!X12 -> 0 | ... S8: ='Original checklist'!Z12 -> 0
B9: 4 | C9: Abrazadera | D9: each | E9: =IF('Original checklist'!$Q$7="30",'Original checklist'!E13,IF('Original checklist'!$Q$7="60",'Original checklist'!F13,IF('Original checklist'!$Q$7="80",'Original checklist'!G13,'Original checklist'!H13))) -> 0 | F9: =IF('Original checklist'!$R$7="120",'Original checklist'!I13,IF('Original checklist'!$R$7="160",'Original checklist'!J13,IF('Original checklist'!$R$7="180",'Original checklist'!K13,'Original checklist'!L13))) -> 0 | G9: 12 | H9: =IF('Original checklist'!$T$7="400",'Original checklist'!N13,'Original checklist'!O13) -> 8 | I9: 8 | J9: ='Original checklist'!Q13 -> 0 | K9: ='Original checklist'!R13 -> 0 | L9: ='Original checklist'!S13 -> 0 | M9: ='Original checklist'!T13 -> 0 | N9: ='Original checklist'!U13 -> 0 | O9: ='Original checklist'!V13 -> 0 | P9: ='Original checklist'!W13 -> 0 | Q9: ='Original checklist'!X13 -> 0 | ... S9: ='Original checklist'!Z13 -> 0
B10: 5 | C10: Vibration damper | D10: each | E10: =IF('Original checklist'!$Q$7="30",'Original checklist'!E14,IF('Original checklist'!$Q$7="60",'Original checklist'!F14,IF('Original checklist'!$Q$7="80",'Original checklist'!G14,'Original checklist'!H14))) -> 0 | F10: =IF('Original checklist'!$R$7="120",'Original checklist'!I14,IF('Original checklist'!$R$7="160",'Original checklist'!J14,IF('Original checklist'!$R$7="180",'Original checklist'!K14,'Original checklist'!L14))) -> 0 | G10: 0 | H10: =IF('Original checklist'!$T$7="400",'Original checklist'!N14,'Original checklist'!O14) -> 14 | I10: 14 | J10: ='Original checklist'!Q14 -> 0 | K10: ='Original checklist'!R14 -> 0 | L10: ='Original checklist'!S14 -> 0 | M10: ='Original checklist'!T14 -> 0 | N10: ='Original checklist'!U14 -> 0 | O10: ='Original checklist'!V14 -> 0 | P10: ='Original checklist'!W14 -> 0 | Q10: ='Original checklist'!X14 -> 0 | ... S10: ='Original checklist'!Z14 -> 0
B11: 6 | C11: Band-it | D11: m | E11: =IF('Original checklist'!$Q$7="30",'Original checklist'!E15,IF('Original checklist'!$Q$7="60",'Original checklist'!F15,IF('Original checklist'!$Q$7="80",'Original checklist'!G15,'Original checklist'!H15))) -> 77 | F11: =IF('Original checklist'!$R$7="120",'Original checklist'!I15,IF('Original checklist'!$R$7="160",'Original checklist'!J15,IF('Original checklist'!$R$7="180",'Original checklist'!K15,'Original checklist'!L15))) -> 41 | G11: 0 | H11: =IF('Original checklist'!$T$7="400",'Original checklist'!N15,'Original checklist'!O15) -> 0 | I11: 0 | J11: ='Original checklist'!Q15 -> 0 | K11: ='Original checklist'!R15 -> 0 | L11: ='Original checklist'!S15 -> 0 | M11: ='Original checklist'!T15 -> 0 | N11: ='Original checklist'!U15 -> 0 | O11: =ROUNDUP(ROUNDUP('Original checklist'!Q4*2.4,0)/1.4,0)+O14 -> 1 | P11: =ROUNDUP(ROUNDUP('Original checklist'!R4*Controls!C13,0)/1.4,0)+1*O14 -> 1 | Q11: ='Original checklist'!X15 -> 0 | R11: ='Original checklist'!Y15 -> 0 | S11: ='Original checklist'!Z15 -> 0
B12: 5 | C12: Belt | D12: each | E12: =IF('Original checklist'!$Q$7="30",'Original checklist'!E16,IF('Original checklist'!$Q$7="60",'Original checklist'!F16,IF('Original checklist'!$Q$7="80",'Original checklist'!G16,'Original checklist'!H16))) -> 68 | F12: =IF('Original checklist'!$R$7="120",'Original checklist'!I16,IF('Original checklist'!$R$7="160",'Original checklist'!J16,IF('Original checklist'!$R$7="180",'Original checklist'!K16,'Original checklist'!L16))) -> 36 | G12: 0 | H12: =IF('Original checklist'!$T$7="400",'Original checklist'!N16,'Original checklist'!O16) -> 0 | I12: 0 | J12: ='Original checklist'!Q16 -> 0 | K12: ='Original checklist'!R16 -> 0 | L12: ='Original checklist'!S16 -> 0 | M12: ='Original checklist'!T16 -> 0 | N12: ='Original checklist'!U16 -> 0 | Q12: ='Original checklist'!X16 -> 0 | R12: ='Original checklist'!Y16 -> 0 | S12: ='Original checklist'!Z16 -> 0
B13: 6 | C13: Pigtail hook bolt | D13: each | E13: =IF('Original checklist'!$Q$7="30",'Original checklist'!E17,IF('Original checklist'!$Q$7="60",'Original checklist'!F17,IF('Original checklist'!$Q$7="80",'Original checklist'!G17,'Original checklist'!H17))) -> 34 | F13: =IF('Original checklist'!$R$7="120",'Original checklist'!I17,IF('Original checklist'!$R$7="160",'Original checklist'!J17,IF('Original checklist'!$R$7="180",'Original checklist'!K17,'Original checklist'!L17))) -> 18 | G13: 0 | H13: =IF('Original checklist'!$T$7="400",'Original checklist'!N17,'Original checklist'!O17) -> 0 | I13: 0 | J13: ='Original checklist'!Q17 -> 0 | K13: ='Original checklist'!R17 -> 0 | L13: ='Original checklist'!S17 -> 0 | M13: ='Original checklist'!T17 -> 0 | N13: ='Original checklist'!U17 -> 0 | O13: ='Original checklist'!V17 -> 0 | P13: ='Original checklist'!W17 -> 0 | Q13: ='Original checklist'!X17 -> 0 | ... S13: ='Original checklist'!Z17 -> 0
B14: 7 | C14: Optical closure | D14: each | E14: [Distance of cable] / [3Km] | F14: [Distance of cable] / [3Km] | G14: [Distance of cable] / [3Km] | H14: [Distance of cable] / [3Km] | I14: [Distance of cable] / [3Km] | J14: =O14 -> 1 | O14: =COUNTIF('Fiber design'!H:H,"Mx") -> 1
B15: 8 | C15: Cruzeta | D15: each | E15: Same as Optical closure | F15: Same as Optical closure | G15: Same as Optical closure | H15: Same as Optical closure | I15: Same as Optical closure | J15: =O15 -> 3 | O15: =O14+2 -> 3
B16: 9 | C16: ODF | D16: each | E16: BTS-BTS = 2 BTS-Mx = 1 | J16: =IF('Original checklist'!C4=FALSE,2,1) -> 2 | O16: =IF('Fiber design'!A1="NOMBRE RUTA","ERROR",J16) -> ERROR
B17: 10 | C17: Patchcord FC/LC | D17: each | E17: 4 | J17: 4 | O17: 4

Sheet Controls
B2: CONTROL VALUES | D2: Default values
B3: Max distance for KV100 (m) | C3: 105 | D3: 90 | E3: Ajustar la condición de distancia mínima por KV: 1500
B4: Max distance for KV200 (m) | C4: 220 | D4: 190
B5: Max distance for KV300 (m) | C5: 330 | D5: 330
B6: Max distance for KV500 (m) | C6: 550 | D6: 550
B7: Max distance for KV1000 (m) | C7: 1310 | D7: 1090
B9: Max Angle for Suspension (°) | C9: 165 | D9: 150
B10: Distance between Tension KV100 (m) | C10: 120 | D10: 250
B11: Distance between Tension KV200 (m) | C11: 220 | D11: 430
B13: KIT of Band-it meters (m) | C13: 2 | D13: 2.4 | E13: *Based on template
B15: Max Distance to cut cable (m) | C15: 800 | D15: 1500
B16: Max consecutive "S" (qty) | C16: 2 | D16: 2
B19: *It's not recommended to modify this data.

Sheet COMMENTS
B2: Si la ruta total es menor a distancia de corte, el excel falla.
B3: Si la ruta tiene en nombre 2Mx, no calcula las Mx. Mx_AYA0066-Mx_Partner
B4: Personalizar el corte de fibra por cada tipo de KV.
